text,link
万物皆数,https://book.douban.com/subject/30281339/?icn=index-latestbook-subject
冷场,https://book.douban.com/subject/30365801/?icn=index-latestbook-subject
社会主义与“自然”,https://book.douban.com/subject/30322198/?icn=index-latestbook-subject
犯罪小说集,https://book.douban.com/subject/30252310/?icn=index-latestbook-subject
腐败与政府,https://book.douban.com/subject/30244068/?icn=index-latestbook-subject
天堂的喷泉,https://book.douban.com/subject/30284021/?icn=index-latestbook-subject
克里米亚战争,https://book.douban.com/subject/30297216/?icn=index-latestbook-subject
铁浆,https://book.douban.com/subject/30345416/?icn=index-latestbook-subject
郑渊洁家庭教育课,https://book.douban.com/subject/30357968/?icn=index-latestbook-subject
4 3 2 1,https://book.douban.com/subject/30254236/?icn=index-latestbook-subject
